Model,MAE,MSE,RMSE,R2 Score
XGBoost,0.24310359410705157,0.10568472456478045,0.32509187096078,0.6582884388050609
Gradient Boosting,0.2452858260839796,0.10929365279112245,0.33059590558735363,0.6466196521990277
Random Forest,0.24676768750672706,0.10994098052208708,0.33157349188692253,0.6445266404561897
Decision Tree,0.28389209567349993,0.1451307556309976,0.3809603071594173,0.5307471605920593
Linear Regression,0.3338449320252631,0.1805424074351752,0.42490282116641115,0.4162502844131375
