Model,Accuracy,Precision,Recall,F1 Score
XGBoost,0.4008372579801151,0.36103784540924216,0.4008372579801151,0.3577753585392076
Random Forest,0.4008372579801151,0.33169544840435655,0.4008372579801151,0.3349367642466867
Decision Tree,0.3579277864992151,0.31415716055426574,0.3579277864992151,0.3222224357609081
Logistic Regression,0.36002093144950287,0.2642495437176072,0.36002093144950287,0.24864285760547922
